seed,sample,ranking_score
1,0,0.7574713415947097
1,1,0.7616670334381392
1,2,0.7597285097617794
1,3,0.7692888027458081
1,4,0.7672526251987893
